INSERT INTO unavailability (start_day, end_day, start_time, end_time, day_of_week) VALUES
-- Feriados 2025
('2025-11-21','2025-11-21','00:00:00','23:59:59', 5),  -- Día de “puente” turismo (21 Nov 2025) :contentReference[oaicite:0]{index=0}
('2025-11-24','2025-11-24','00:00:00','23:59:59', 1),  -- Día de la Soberanía Nacional (24 Nov 2025) :contentReference[oaicite:1]{index=1}
('2025-12-08','2025-12-08','00:00:00','23:59:59', 1),  -- Inmaculada Concepción (8 Dic 2025) :contentReference[oaicite:2]{index=2}
('2025-12-25','2025-12-25','00:00:00','23:59:59', 4),  -- Navidad (25 Dic 2025) :contentReference[oaicite:3]{index=3}

-- Feriados 2026
('2026-01-01','2026-01-01','00:00:00','23:59:59', 4),  -- Año Nuevo (1 Ene 2026) :contentReference[oaicite:4]{index=4}
('2026-02-16','2026-02-16','00:00:00','23:59:59', 1),  -- Lunes de Carnaval (16 Feb 2026) :contentReference[oaicite:5]{index=5}
('2026-02-17','2026-02-17','00:00:00','23:59:59', 2),  -- Martes de Carnaval (17 Feb 2026) :contentReference[oaicite:6]{index=6}
('2026-03-24','2026-03-24','00:00:00','23:59:59', 2),  -- Día de la Memoria, Verdad y Justicia (24 Mar 2026) :contentReference[oaicite:7]{index=7}
('2026-04-02','2026-04-02','00:00:00','23:59:59', 4),  -- Malvinas / Jueves Santo (2 Abr 2026) :contentReference[oaicite:8]{index=8}
('2026-04-03','2026-04-03','00:00:00','23:59:59', 5),  -- Viernes Santo (3 Abr 2026) :contentReference[oaicite:9]{index=9}
('2026-05-01','2026-05-01','00:00:00','23:59:59', 5),  -- Día del Trabajador (1 May 2026) :contentReference[oaicite:10]{index=10}
('2026-05-25','2026-05-25','00:00:00','23:59:59', 1),  -- Revolución de Mayo (25 May 2026) :contentReference[oaicite:11]{index=11}
('2026-06-15','2026-06-15','00:00:00','23:59:59', 1),  -- Paso a la Inmortalidad de Güemes (lugar de 17 Jun) (15 Jun 2026) :contentReference[oaicite:12]{index=12}
('2026-06-20','2026-06-20','00:00:00','23:59:59', 6),  -- Día de la Bandera (20 Jun 2026) :contentReference[oaicite:13]{index=13}
('2026-07-09','2026-07-09','00:00:00','23:59:59', 4),  -- Independencia (9 Jul 2026) :contentReference[oaicite:14]{index=14}
('2026-08-17','2026-08-17','00:00:00','23:59:59', 1),  -- Paso a la Inmortalidad de San Martín (17 Ago 2026) :contentReference[oaicite:15]{index=15}
('2026-10-12','2026-10-12','00:00:00','23:59:59', 2),  -- Día del Respeto a la Diversidad Cultural (12 Oct 2026) :contentReference[oaicite:16]{index=16}
('2026-11-23','2026-11-23','00:00:00','23:59:59', 1),  -- Día de la Soberanía Nacional (23 Nov 2026) :contentReference[oaicite:17]{index=17}
('2026-12-08','2026-12-08','00:00:00','23:59:59', 2),  -- Inmaculada Concepción (8 Dic 2026) :contentReference[oaicite:18]{index=18}
('2026-12-25','2026-12-25','00:00:00','23:59:59', 5); -- Navidad (25 Dic 2026) :contentReference[oaicite:19]{index=19}
commit;